<?xml version="1.0" encoding="UTF-8"?>
<project-private xmlns="http://www.netbeans.org/ns/project-private/1">
    <editor-bookmarks xmlns="http://www.netbeans.org/ns/editor-bookmarks/2" lastBookmarkId="0"/>
    <open-files xmlns="http://www.netbeans.org/ns/projectui-open-files/2">
        <group>
            <file>file:/home/brunaostii/Downloads/SinalgoWsnResolvido/SinalgoWsn/src/projects/wsn1/nodes/nodeImplementations/SimpleNode.java</file>
            <file>file:/home/brunaostii/Downloads/SinalgoWsnResolvido/SinalgoWsn/src/projects/wsn1/nodes/nodeImplementations/SinkNode.java</file>
        </group>
    </open-files>
</project-private>
